[{"model": "contenttypes.contenttype", "pk": 1, "fields": {"app_label": "admin", "model": "logentry"}}, {"model": "contenttypes.contenttype", "pk": 2, "fields": {"app_label": "auth", "model": "permission"}}, {"model": "contenttypes.contenttype", "pk": 3, "fields": {"app_label": "auth", "model": "group"}}, {"model": "contenttypes.contenttype", "pk": 4, "fields": {"app_label": "contenttypes", "model": "contenttype"}}, {"model": "contenttypes.contenttype", "pk": 5, "fields": {"app_label": "sessions", "model": "session"}}, {"model": "contenttypes.contenttype", "pk": 6, "fields": {"app_label": "accounts", "model": "user"}}, {"model": "contenttypes.contenttype", "pk": 7, "fields": {"app_label": "quiz", "model": "question"}}, {"model": "contenttypes.contenttype", "pk": 8, "fields": {"app_label": "quiz", "model": "test"}}, {"model": "contenttypes.contenttype", "pk": 9, "fields": {"app_label": "quiz", "model": "choice"}}, {"model": "contenttypes.contenttype", "pk": 10, "fields": {"app_label": "quiz", "model": "result"}}, {"model": "sessions.session", "pk": "0prv01n1svv7g686or0wcaeey2vqx19p", "fields": {"session_data": "e30:1lCkci:mFPzvX8Vht-7dQClzmRA75z95L-fd8YgmF9z1ck2VPQ", "expire_date": "2021-03-04T14:49:44.190Z"}}, {"model": "sessions.session", "pk": "0t3b9svkcikyw7y4hniuju2ff9l6wng1", "fields": {"session_data": ".eJxVjM0OwiAQhN-FsyEFF-p69N5nIMvPStVAUtqT8d0tSQ86x_m-mbdwtK3ZbS0tbo7iKrQ4_XaewjOVDuKDyr3KUMu6zF52RR60yanG9Lod7t9Bppb3NQ48QNCAe1gzkrHas2IKCJEvljGiUd5A1wi9DgmQLI2gFI7nJD5f5Tw39Q:1lHUcf:WCU_GqCKUyn6vHy-5xlNf8ytw7645alqDSmgvHOZSBY", "expire_date": "2021-03-17T16:45:17.040Z"}}, {"model": "sessions.session", "pk": "4364nwhwb47v30hkaf13u7acur8nk7k4", "fields": {"session_data": "e30:1lHSG8:1QlxUmi9AA8SawBMwGAjAxBPpo8D4onjdhiKnUcz3Ao", "expire_date": "2021-03-17T14:13:52.169Z"}}, {"model": "sessions.session", "pk": "7jlknlbmikmyuasgf5xvhkhrmq5eah6g", "fields": {"session_data": ".eJxVjM0OwiAQhN-FsyEFF-p69N5nIMvPStVAUtqT8d0tSQ86x_m-mbdwtK3ZbS0tbo7iKrQ4_XaewjOVDuKDyr3KUMu6zF52RR60yanG9Lod7t9Bppb3NQ48QNCAe1gzkrHas2IKCJEvljGiUd5A1wi9DgmQLI2gFI7nJD5f5Tw39Q:1lHt8d:3J6IhS32MxBVITiUe8_lk8D1z257CjoZYv1oqBh8syE", "expire_date": "2021-03-18T18:55:55.092Z"}}, {"model": "sessions.session", "pk": "9t6yroiobepm17gmn6oc25hvhwntozlt", "fields": {"session_data": "e30:1lHsKH:ohIwGQSRN-Nh-9DyOcunKj-_Aqz8QeB9h4CFNmtbN44", "expire_date": "2021-03-18T18:03:53.853Z"}}, {"model": "sessions.session", "pk": "ba44xnsvj0ct83l0mghbktedk3xbaeg7", "fields": {"session_data": "e30:1lHZYT:g38X1HKa0JgCVrqZ8CUbvPRx62dIa-P0VPHK6ONL7R8", "expire_date": "2021-03-17T22:01:17.417Z"}}, {"model": "sessions.session", "pk": "bmvujky6gqvfean191uhviixi5wpx63u", "fields": {"session_data": ".eJxVjM0OwiAQhN-FsyEFF-p69N5nIMvPStVAUtqT8d0tSQ86x_m-mbdwtK3ZbS0tbo7iKrQ4_XaewjOVDuKDyr3KUMu6zF52RR60yanG9Lod7t9Bppb3NQ48QNCAe1gzkrHas2IKCJEvljGiUd5A1wi9DgmQLI2gFI7nJD5f5Tw39Q:1lHsOj:bjUET4JyhkeiLvaFR8JjmtbXS1Ezp3F34CGyt5Uhnd0", "expire_date": "2021-03-18T18:08:29.276Z"}}, {"model": "sessions.session", "pk": "c3kcsaxsc3mf3d8ro2rtch5wqfdh7mt8", "fields": {"session_data": ".eJxVjM0OwiAQhN-FsyEFF-p69N5nIMvPStVAUtqT8d0tSQ86x_m-mbdwtK3ZbS0tbo7iKrQ4_XaewjOVDuKDyr3KUMu6zF52RR60yanG9Lod7t9Bppb3NQ48QNCAe1gzkrHas2IKCJEvljGiUd5A1wi9DgmQLI2gFI7nJD5f5Tw39Q:1lHVY3:jKNhOMmTZKV8WZIws-NN2yFkBdljvShfuc3cB9awvOY", "expire_date": "2021-03-17T17:44:35.531Z"}}, {"model": "sessions.session", "pk": "dx24rzqf6ayv4jk7glzcpc7bkc5zgvlh", "fields": {"session_data": "e30:1lHZOE:AzjJpHn6GniRo7h4jayJ9dksn4cEFCMFR7_jNIyQgcM", "expire_date": "2021-03-17T21:50:42.137Z"}}, {"model": "sessions.session", "pk": "fu2wai2l4vee1u6ckvtznbwqj39ghnv4", "fields": {"session_data": "e30:1lHsJ1:CYBTdSgtCmWU9Hdz4CP_0D4nKNQhbDhdh7-Pmsq9ykw", "expire_date": "2021-03-18T18:02:35.994Z"}}, {"model": "sessions.session", "pk": "jpthax4jhptri7i72vcvp98p1xzhea8s", "fields": {"session_data": "e30:1lCkNt:dss3-mq2LVSbnklewuKezEx8BJ5Ht6h9Jp0Wupryrvk", "expire_date": "2021-03-04T14:34:25.194Z"}}, {"model": "sessions.session", "pk": "ot03cjthm0bg6fbxu8vg3plpcik07vq1", "fields": {"session_data": "e30:1lHZLH:FL7Nw9c4wdfTHA-1D1F1ipou_Zzw8xnqsb_zB_EDJGM", "expire_date": "2021-03-17T21:47:39.433Z"}}, {"model": "sessions.session", "pk": "q6w91pwfnuaqcs948ujcyxvf10v1zoaa", "fields": {"session_data": ".eJxVjE0OwiAYRO_C2hAKBalL956BfH9I1dCktCvj3W2TLnQ3mfdm3irBupS0NpnTyOqienX67RDoKXUH_IB6nzRNdZlH1LuiD9r0bWJ5XQ_376BAK9vaWcoUhYN3hobcOQ8ZyQYxjgWAkGPIUfAMFq2AZ0bDW-qMDDb3pD5fIYU5zA:1lEppI:eptEneOcwRN5kv-l8rBMDSEk5JiDtGkS9E64tj1uS0A", "expire_date": "2021-03-10T08:47:20.549Z"}}, {"model": "sessions.session", "pk": "qt1it0ri8u59fy4ok4ba3uyhjpiue2zl", "fields": {"session_data": ".eJxVjM0OwiAQhN-FsyEFF-p69N5nIMvPStVAUtqT8d0tSQ86x_m-mbdwtK3ZbS0tbo7iKrQ4_XaewjOVDuKDyr3KUMu6zF52RR60yanG9Lod7t9Bppb3NQ48QNCAe1gzkrHas2IKCJEvljGiUd5A1wi9DgmQLI2gFI7nJD5f5Tw39Q:1lCkdZ:fRkQXhuKn5llVfUneuJkGbPQqyZiQYxX58DS2aZZ4fM", "expire_date": "2021-03-04T14:50:37.741Z"}}, {"model": "sessions.session", "pk": "rqhk9si05we4rncvdexwvfektmsnvncc", "fields": {"session_data": ".eJxVjM0OwiAQhN-FsyEFF-p69N5nIMvPStVAUtqT8d0tSQ86x_m-mbdwtK3ZbS0tbo7iKrQ4_XaewjOVDuKDyr3KUMu6zF52RR60yanG9Lod7t9Bppb3NQ48QNCAe1gzkrHas2IKCJEvljGiUd5A1wi9DgmQLI2gFI7nJD5f5Tw39Q:1lGi05:8_FhGxzCMTZLBNXrG-4_Mwox_pmN_SaSJF2v5TPrpys", "expire_date": "2021-03-15T12:50:13.097Z"}}, {"model": "sessions.session", "pk": "tabd2kco27tegqvbrp3jmw165u0c56ad", "fields": {"session_data": "e30:1lCkbH:R-bg-YPlorbnqbONNp7o_PmuG85yQJTJvDiM1Yq7YOI", "expire_date": "2021-03-04T14:48:15.761Z"}}, {"model": "sessions.session", "pk": "tn6bgzdiv07zg9sxlny8t383og64bjtv", "fields": {"session_data": "e30:1lHZSa:GFsRcAFRKApnE-x3gZ-kyPXrag4AtIsEJA7J4LkHnV4", "expire_date": "2021-03-17T21:55:12.149Z"}}, {"model": "sessions.session", "pk": "u9r7ufmj3a423cgfswv15441heyahpqu", "fields": {"session_data": "e30:1lHZOa:mR2cGNI1b1JNJqKWaS5xxzMswbf04yvlV4JNDPAubEY", "expire_date": "2021-03-17T21:51:04.863Z"}}, {"model": "sessions.session", "pk": "w8o94vzelycts70ozfz2qdkoe6c7nakm", "fields": {"session_data": "e30:1lCkRr:NNfUOLqmK84Lb6oA7akhvnRuQ5mSjqcMGbDR_Wd2nv8", "expire_date": "2021-03-04T14:38:31.636Z"}}, {"model": "sessions.session", "pk": "yfwwxw63ae8lv4jwqxmpt49efpkz8363", "fields": {"session_data": "e30:1lCkNG:iwH8r4CaDtKXc9HxBiTewieE5RIDWjuTTwyS1MqS37A", "expire_date": "2021-03-04T14:33:46.124Z"}}, {"model": "quiz.test", "pk": 3, "fields": {"create_date": "2021-02-15T09:25:33.976Z", "write_date": "2021-02-15T09:25:33.976Z", "uuid": "dc4b495c-b19a-40e4-a276-5c1edaa8cd29", "title": "Just Test 2", "description": "", "level": 0, "image": "covers/Снимок_экрана_от_2021-02-11_20-23-46_pYFFCt7.png"}}, {"model": "quiz.test", "pk": 4, "fields": {"create_date": "2021-02-18T12:24:55.022Z", "write_date": "2021-02-18T12:24:55.022Z", "uuid": "465760d4-ec49-4441-8b98-364d6e4fba6d", "title": "Math Test", "description": "Description", "level": 0, "image": "covers/Снимок_экрана_от_2020-11-22_14-16-14.png"}}, {"model": "quiz.question", "pk": 9, "fields": {"test": 3, "order_number": 5, "text": "Рука или нога?"}}, {"model": "quiz.question", "pk": 10, "fields": {"test": 3, "order_number": 2, "text": "Число пи?"}}, {"model": "quiz.question", "pk": 11, "fields": {"test": 3, "order_number": 1, "text": "Время суток?"}}, {"model": "quiz.question", "pk": 12, "fields": {"test": 3, "order_number": 3, "text": "Количество пальцев на руках?"}}, {"model": "quiz.question", "pk": 13, "fields": {"test": 3, "order_number": 4, "text": "Белка или заяц?"}}, {"model": "quiz.question", "pk": 14, "fields": {"test": 4, "order_number": 2, "text": "1+1"}}, {"model": "quiz.question", "pk": 15, "fields": {"test": 4, "order_number": 1, "text": "2+2"}}, {"model": "quiz.question", "pk": 16, "fields": {"test": 4, "order_number": 3, "text": "1+3"}}, {"model": "quiz.choice", "pk": 16, "fields": {"text": "День/Ночь", "question": 11, "is_correct": true}}, {"model": "quiz.choice", "pk": 17, "fields": {"text": "Рука/Нога", "question": 11, "is_correct": false}}, {"model": "quiz.choice", "pk": 18, "fields": {"text": "Белка/Заяц", "question": 11, "is_correct": false}}, {"model": "quiz.choice", "pk": 19, "fields": {"text": "3.14", "question": 10, "is_correct": true}}, {"model": "quiz.choice", "pk": 20, "fields": {"text": "233.55", "question": 10, "is_correct": false}}, {"model": "quiz.choice", "pk": 21, "fields": {"text": "999", "question": 10, "is_correct": false}}, {"model": "quiz.choice", "pk": 22, "fields": {"text": "10", "question": 12, "is_correct": true}}, {"model": "quiz.choice", "pk": 23, "fields": {"text": "7", "question": 12, "is_correct": false}}, {"model": "quiz.choice", "pk": 24, "fields": {"text": "3", "question": 12, "is_correct": false}}, {"model": "quiz.choice", "pk": 25, "fields": {"text": "Белка полюбому", "question": 13, "is_correct": false}}, {"model": "quiz.choice", "pk": 26, "fields": {"text": "Заяц 100%", "question": 13, "is_correct": false}}, {"model": "quiz.choice", "pk": 27, "fields": {"text": "Я люблю курочек", "question": 13, "is_correct": true}}, {"model": "quiz.choice", "pk": 28, "fields": {"text": "Нога", "question": 9, "is_correct": false}}, {"model": "quiz.choice", "pk": 29, "fields": {"text": "Рука", "question": 9, "is_correct": false}}, {"model": "quiz.choice", "pk": 30, "fields": {"text": "Хотелось бы и то и то", "question": 9, "is_correct": true}}, {"model": "quiz.choice", "pk": 34, "fields": {"text": "4", "question": 15, "is_correct": true}}, {"model": "quiz.choice", "pk": 35, "fields": {"text": "3", "question": 15, "is_correct": false}}, {"model": "quiz.choice", "pk": 36, "fields": {"text": "2", "question": 15, "is_correct": false}}, {"model": "quiz.choice", "pk": 37, "fields": {"text": "4", "question": 16, "is_correct": true}}, {"model": "quiz.choice", "pk": 38, "fields": {"text": "2", "question": 16, "is_correct": false}}, {"model": "quiz.choice", "pk": 39, "fields": {"text": "1", "question": 16, "is_correct": false}}, {"model": "quiz.choice", "pk": 40, "fields": {"text": "1", "question": 14, "is_correct": false}}, {"model": "quiz.choice", "pk": 41, "fields": {"text": "2", "question": 14, "is_correct": true}}, {"model": "quiz.choice", "pk": 42, "fields": {"text": "3", "question": 14, "is_correct": false}}, {"model": "auth.permission", "pk": 1, "fields": {"name": "Can add log entry", "content_type": ["admin", "logentry"], "codename": "add_logentry"}}, {"model": "auth.permission", "pk": 2, "fields": {"name": "Can change log entry", "content_type": ["admin", "logentry"], "codename": "change_logentry"}}, {"model": "auth.permission", "pk": 3, "fields": {"name": "Can delete log entry", "content_type": ["admin", "logentry"], "codename": "delete_logentry"}}, {"model": "auth.permission", "pk": 4, "fields": {"name": "Can view log entry", "content_type": ["admin", "logentry"], "codename": "view_logentry"}}, {"model": "auth.permission", "pk": 5, "fields": {"name": "Can add permission", "content_type": ["auth", "permission"], "codename": "add_permission"}}, {"model": "auth.permission", "pk": 6, "fields": {"name": "Can change permission", "content_type": ["auth", "permission"], "codename": "change_permission"}}, {"model": "auth.permission", "pk": 7, "fields": {"name": "Can delete permission", "content_type": ["auth", "permission"], "codename": "delete_permission"}}, {"model": "auth.permission", "pk": 8, "fields": {"name": "Can view permission", "content_type": ["auth", "permission"], "codename": "view_permission"}}, {"model": "auth.permission", "pk": 9, "fields": {"name": "Can add group", "content_type": ["auth", "group"], "codename": "add_group"}}, {"model": "auth.permission", "pk": 10, "fields": {"name": "Can change group", "content_type": ["auth", "group"], "codename": "change_group"}}, {"model": "auth.permission", "pk": 11, "fields": {"name": "Can delete group", "content_type": ["auth", "group"], "codename": "delete_group"}}, {"model": "auth.permission", "pk": 12, "fields": {"name": "Can view group", "content_type": ["auth", "group"], "codename": "view_group"}}, {"model": "auth.permission", "pk": 13, "fields": {"name": "Can add content type", "content_type": ["contenttypes", "contenttype"], "codename": "add_contenttype"}}, {"model": "auth.permission", "pk": 14, "fields": {"name": "Can change content type", "content_type": ["contenttypes", "contenttype"], "codename": "change_contenttype"}}, {"model": "auth.permission", "pk": 15, "fields": {"name": "Can delete content type", "content_type": ["contenttypes", "contenttype"], "codename": "delete_contenttype"}}, {"model": "auth.permission", "pk": 16, "fields": {"name": "Can view content type", "content_type": ["contenttypes", "contenttype"], "codename": "view_contenttype"}}, {"model": "auth.permission", "pk": 17, "fields": {"name": "Can add session", "content_type": ["sessions", "session"], "codename": "add_session"}}, {"model": "auth.permission", "pk": 18, "fields": {"name": "Can change session", "content_type": ["sessions", "session"], "codename": "change_session"}}, {"model": "auth.permission", "pk": 19, "fields": {"name": "Can delete session", "content_type": ["sessions", "session"], "codename": "delete_session"}}, {"model": "auth.permission", "pk": 20, "fields": {"name": "Can view session", "content_type": ["sessions", "session"], "codename": "view_session"}}, {"model": "auth.permission", "pk": 21, "fields": {"name": "Can add user", "content_type": ["accounts", "user"], "codename": "add_user"}}, {"model": "auth.permission", "pk": 22, "fields": {"name": "Can change user", "content_type": ["accounts", "user"], "codename": "change_user"}}, {"model": "auth.permission", "pk": 23, "fields": {"name": "Can delete user", "content_type": ["accounts", "user"], "codename": "delete_user"}}, {"model": "auth.permission", "pk": 24, "fields": {"name": "Can view user", "content_type": ["accounts", "user"], "codename": "view_user"}}, {"model": "auth.permission", "pk": 25, "fields": {"name": "Can add question", "content_type": ["quiz", "question"], "codename": "add_question"}}, {"model": "auth.permission", "pk": 26, "fields": {"name": "Can change question", "content_type": ["quiz", "question"], "codename": "change_question"}}, {"model": "auth.permission", "pk": 27, "fields": {"name": "Can delete question", "content_type": ["quiz", "question"], "codename": "delete_question"}}, {"model": "auth.permission", "pk": 28, "fields": {"name": "Can view question", "content_type": ["quiz", "question"], "codename": "view_question"}}, {"model": "auth.permission", "pk": 29, "fields": {"name": "Can add test", "content_type": ["quiz", "test"], "codename": "add_test"}}, {"model": "auth.permission", "pk": 30, "fields": {"name": "Can change test", "content_type": ["quiz", "test"], "codename": "change_test"}}, {"model": "auth.permission", "pk": 31, "fields": {"name": "Can delete test", "content_type": ["quiz", "test"], "codename": "delete_test"}}, {"model": "auth.permission", "pk": 32, "fields": {"name": "Can view test", "content_type": ["quiz", "test"], "codename": "view_test"}}, {"model": "auth.permission", "pk": 33, "fields": {"name": "Can add choice", "content_type": ["quiz", "choice"], "codename": "add_choice"}}, {"model": "auth.permission", "pk": 34, "fields": {"name": "Can change choice", "content_type": ["quiz", "choice"], "codename": "change_choice"}}, {"model": "auth.permission", "pk": 35, "fields": {"name": "Can delete choice", "content_type": ["quiz", "choice"], "codename": "delete_choice"}}, {"model": "auth.permission", "pk": 36, "fields": {"name": "Can view choice", "content_type": ["quiz", "choice"], "codename": "view_choice"}}, {"model": "auth.permission", "pk": 37, "fields": {"name": "Can add result", "content_type": ["quiz", "result"], "codename": "add_result"}}, {"model": "auth.permission", "pk": 38, "fields": {"name": "Can change result", "content_type": ["quiz", "result"], "codename": "change_result"}}, {"model": "auth.permission", "pk": 39, "fields": {"name": "Can delete result", "content_type": ["quiz", "result"], "codename": "delete_result"}}, {"model": "auth.permission", "pk": 40, "fields": {"name": "Can view result", "content_type": ["quiz", "result"], "codename": "view_result"}}, {"model": "accounts.user", "pk": 1, "fields": {"password": "pbkdf2_sha256$216000$e2VICje98dN1$0+gN/dknbqk2uKWegxHJuLI3hDJUvs7RqRYb8aIwSmo=", "last_login": "2021-02-08T17:47:34.021Z", "is_superuser": false, "username": "adminik", "first_name": "", "last_name": "", "email": "admin@ad.com", "is_staff": false, "is_active": true, "date_joined": "2021-02-08T17:27:15.241Z", "bio": "", "location": "", "birth_date": null, "rating": 0, "image": "default.png", "groups": [], "user_permissions": []}}, {"model": "accounts.user", "pk": 2, "fields": {"password": "pbkdf2_sha256$216000$geuX1sOskRjn$7UIDXOggNsv0avtNVRmzUT4EOj+LkM4Spmz9oLkHT0g=", "last_login": "2021-03-04T18:55:55.011Z", "is_superuser": true, "username": "admin", "first_name": "", "last_name": "", "email": "admin@admin.com", "is_staff": true, "is_active": true, "date_joined": "2021-02-08T18:28:44.658Z", "bio": "", "location": "", "birth_date": null, "rating": 110, "image": "default.png", "groups": [], "user_permissions": []}}, {"model": "accounts.user", "pk": 3, "fields": {"password": "pbkdf2_sha256$216000$EN2esfc1ZNa8$dM8sqNcEjSWrG1o5dAqgNK2I2EQeFa0FPGanV5d/DTM=", "last_login": "2021-02-18T14:50:30.661Z", "is_superuser": false, "username": "Alexander", "first_name": "Alexander", "last_name": "Bondarenko", "email": "test@test.com", "is_staff": false, "is_active": true, "date_joined": "2021-02-18T13:41:49.789Z", "bio": "", "location": "", "birth_date": null, "rating": 4, "image": "accounts/Снимок_экрана_от_2021-01-24_14-10-13.png", "groups": [], "user_permissions": []}}, {"model": "accounts.user", "pk": 4, "fields": {"password": "pbkdf2_sha256$216000$8jBJ9lnhaJ8B$rb7HzvXmnp5slFVJcVETqvRWyMZF/2c7uoyCTv5dkkU=", "last_login": "2021-02-24T08:47:20.197Z", "is_superuser": false, "username": "Bond", "first_name": "Alexander", "last_name": "Bond", "email": "sanyasashkabond32@gmail.com", "is_staff": false, "is_active": true, "date_joined": "2021-02-24T08:47:08.663Z", "bio": "", "location": "", "birth_date": null, "rating": 0, "image": "default.png", "groups": [], "user_permissions": []}}, {"model": "accounts.user", "pk": 5, "fields": {"password": "pbkdf2_sha256$216000$TRLG2uOaZROH$8xqf33m+aPdp5ntaT3P2SB8E8bqoaWWf/6Pv14B6BvY=", "last_login": null, "is_superuser": true, "username": "bond", "first_name": "", "last_name": "", "email": "sanyasashkabond32@gmail.com", "is_staff": true, "is_active": true, "date_joined": "2021-02-28T13:59:16.239Z", "bio": "", "location": "", "birth_date": null, "rating": 0, "image": "default.png", "groups": [], "user_permissions": []}}, {"model": "accounts.user", "pk": 6, "fields": {"password": "pbkdf2_sha256$216000$JOYoWJNyIPMK$bCY31E31wJt7P+hAbEIehBWXFE8C+bVQUMQQqo56qZY=", "last_login": null, "is_superuser": true, "username": "administrator", "first_name": "", "last_name": "", "email": "test@gmail.com", "is_staff": true, "is_active": true, "date_joined": "2021-02-28T14:01:12.936Z", "bio": "", "location": "", "birth_date": null, "rating": 0, "image": "default.png", "groups": [], "user_permissions": []}}, {"model": "accounts.user", "pk": 7, "fields": {"password": "pbkdf2_sha256$216000$3Y6Nu1pABQV5$E8c8VLB6CAxpv9/AFeccKjZKrz1c0MB4Ea0m+Bgixck=", "last_login": "2021-03-03T17:42:07.706Z", "is_superuser": false, "username": "bondik", "first_name": "", "last_name": "", "email": "bond@test.com", "is_staff": false, "is_active": true, "date_joined": "2021-03-03T15:08:09.175Z", "bio": "", "location": "", "birth_date": null, "rating": 10, "image": "default.png", "groups": [], "user_permissions": []}}, {"model": "accounts.user", "pk": 8, "fields": {"password": "pbkdf2_sha256$216000$cfjAmOpjJ8U1$jm6UdsPO+bROhdMjEbFjTG9h+OOV/NWX59+e90bdGXg=", "last_login": "2021-03-03T17:43:51.566Z", "is_superuser": false, "username": "bestrank", "first_name": "brrr", "last_name": "krrr", "email": "temp@temp.com", "is_staff": false, "is_active": true, "date_joined": "2021-03-03T17:43:48.317Z", "bio": "", "location": "", "birth_date": null, "rating": 5, "image": "default.png", "groups": [], "user_permissions": []}}, {"model": "accounts.user", "pk": 9, "fields": {"password": "pbkdf2_sha256$216000$Cjry1sSE383T$hZ7A+LoiVwV3wdXcXKPqj6fkkcX8C8hjlIprwpmDr2s=", "last_login": "2021-03-03T22:01:17.434Z", "is_superuser": false, "username": "tempa", "first_name": "", "last_name": "", "email": "tempa@gmail.com", "is_staff": false, "is_active": true, "date_joined": "2021-03-03T21:48:09.048Z", "bio": "", "location": "", "birth_date": null, "rating": 0, "image": "default.png", "groups": [], "user_permissions": []}}, {"model": "quiz.result", "pk": 64, "fields": {"create_date": "2021-03-03T17:41:32.918Z", "write_date": "2021-03-03T17:41:54.118Z", "user": ["admin"], "test": 3, "state": 1, "current_order_number": 5, "uuid": "c148023d-4a2f-4970-b232-8ffa41e370a1", "num_correct_answers": 5, "num_incorrect_answers": 0}}, {"model": "quiz.result", "pk": 65, "fields": {"create_date": "2021-03-03T17:42:25.014Z", "write_date": "2021-03-03T17:42:38.997Z", "user": ["bondik"], "test": 3, "state": 1, "current_order_number": 5, "uuid": "e980a645-17c9-4054-9ded-20569d8dd57e", "num_correct_answers": 5, "num_incorrect_answers": 0}}, {"model": "quiz.result", "pk": 66, "fields": {"create_date": "2021-03-03T17:44:00.190Z", "write_date": "2021-03-03T17:44:13.793Z", "user": ["bestrank"], "test": 3, "state": 1, "current_order_number": 5, "uuid": "89550d90-7049-44de-8c14-16613680bd61", "num_correct_answers": 5, "num_incorrect_answers": 0}}, {"model": "quiz.result", "pk": 67, "fields": {"create_date": "2021-03-03T17:44:48.851Z", "write_date": "2021-03-03T17:45:02.096Z", "user": ["admin"], "test": 3, "state": 1, "current_order_number": 5, "uuid": "2abac11a-c67e-4ba2-aa07-d747fb867e9b", "num_correct_answers": 5, "num_incorrect_answers": 0}}, {"model": "quiz.result", "pk": 68, "fields": {"create_date": "2021-03-04T18:08:34.447Z", "write_date": "2021-03-04T18:08:50.143Z", "user": ["admin"], "test": 3, "state": 1, "current_order_number": 5, "uuid": "f57ffc9a-de49-4b0d-9a9c-fd4f51ed1790", "num_correct_answers": 5, "num_incorrect_answers": 0}}, {"model": "quiz.result", "pk": 69, "fields": {"create_date": "2021-03-04T19:17:13.359Z", "write_date": "2021-03-04T19:17:32.332Z", "user": ["admin"], "test": 3, "state": 1, "current_order_number": 5, "uuid": "edb44a1e-b4b6-4c6c-bce9-8ee9f501387c", "num_correct_answers": 5, "num_incorrect_answers": 0}}, {"model": "quiz.result", "pk": 70, "fields": {"create_date": "2021-03-04T19:21:52.873Z", "write_date": "2021-03-04T19:28:32.473Z", "user": ["admin"], "test": 3, "state": 1, "current_order_number": 5, "uuid": "dd79a2a1-1448-4f52-900c-36888b5d6b7d", "num_correct_answers": 5, "num_incorrect_answers": 0}}, {"model": "quiz.result", "pk": 71, "fields": {"create_date": "2021-03-04T19:54:49.477Z", "write_date": "2021-03-04T19:55:20.550Z", "user": ["admin"], "test": 3, "state": 1, "current_order_number": 5, "uuid": "d5db1b48-7e35-4db9-bc27-2a5860ad0df1", "num_correct_answers": 5, "num_incorrect_answers": 0}}, {"model": "quiz.result", "pk": 72, "fields": {"create_date": "2021-03-04T19:59:00.927Z", "write_date": "2021-03-04T19:59:17.841Z", "user": ["admin"], "test": 3, "state": 1, "current_order_number": 5, "uuid": "20dceffd-473c-4485-b5f3-0bd2cc1088cc", "num_correct_answers": 5, "num_incorrect_answers": 0}}, {"model": "admin.logentry", "pk": 1, "fields": {"action_time": "2021-02-08T18:37:26.707Z", "user": ["admin"], "content_type": ["quiz", "test"], "object_id": "1", "object_repr": "Math Test", "action_flag": 1, "change_message": "[{\"added\": {}}]"}}, {"model": "admin.logentry", "pk": 2, "fields": {"action_time": "2021-02-08T18:51:55.369Z", "user": ["admin"], "content_type": ["quiz", "test"], "object_id": "1", "object_repr": "Math Test", "action_flag": 2, "change_message": "[{\"changed\": {\"fields\": [\"Image\"]}}]"}}, {"model": "admin.logentry", "pk": 3, "fields": {"action_time": "2021-02-08T19:02:00.260Z", "user": ["admin"], "content_type": ["quiz", "test"], "object_id": "1", "object_repr": "Math Test", "action_flag": 2, "change_message": "[{\"added\": {\"name\": \"question\", \"object\": \"6*7\"}}, {\"added\": {\"name\": \"question\", \"object\": \"42*0\"}}, {\"added\": {\"name\": \"question\", \"object\": \"sqrt(-1)\"}}]"}}, {"model": "admin.logentry", "pk": 4, "fields": {"action_time": "2021-02-08T19:06:02.450Z", "user": ["admin"], "content_type": ["quiz", "test"], "object_id": "2", "object_repr": "test", "action_flag": 1, "change_message": "[{\"added\": {}}, {\"added\": {\"name\": \"question\", \"object\": \"10*10\"}}, {\"added\": {\"name\": \"question\", \"object\": \"12\"}}, {\"added\": {\"name\": \"question\", \"object\": \"323\"}}]"}}, {"model": "admin.logentry", "pk": 5, "fields": {"action_time": "2021-02-08T19:11:03.056Z", "user": ["admin"], "content_type": ["quiz", "test"], "object_id": "1", "object_repr": "Math Test", "action_flag": 2, "change_message": "[]"}}, {"model": "admin.logentry", "pk": 6, "fields": {"action_time": "2021-02-08T19:11:21.098Z", "user": ["admin"], "content_type": ["quiz", "test"], "object_id": "1", "object_repr": "Math Test", "action_flag": 2, "change_message": "[{\"deleted\": {\"name\": \"question\", \"object\": \"6*7\"}}]"}}, {"model": "admin.logentry", "pk": 7, "fields": {"action_time": "2021-02-08T19:11:27.397Z", "user": ["admin"], "content_type": ["quiz", "test"], "object_id": "1", "object_repr": "Math Test", "action_flag": 2, "change_message": "[]"}}, {"model": "admin.logentry", "pk": 8, "fields": {"action_time": "2021-02-08T19:13:58.841Z", "user": ["admin"], "content_type": ["quiz", "test"], "object_id": "1", "object_repr": "Math Test", "action_flag": 2, "change_message": "[{\"added\": {\"name\": \"question\", \"object\": \"21\"}}]"}}, {"model": "admin.logentry", "pk": 9, "fields": {"action_time": "2021-02-08T19:14:39.053Z", "user": ["admin"], "content_type": ["quiz", "question"], "object_id": "7", "object_repr": "21", "action_flag": 2, "change_message": "[{\"added\": {\"name\": \"choice\", \"object\": \"3\"}}, {\"added\": {\"name\": \"choice\", \"object\": \"4\"}}, {\"added\": {\"name\": \"choice\", \"object\": \"5\"}}]"}}, {"model": "admin.logentry", "pk": 10, "fields": {"action_time": "2021-02-11T18:27:20.730Z", "user": ["admin"], "content_type": ["quiz", "question"], "object_id": "3", "object_repr": "sqrt(-1)", "action_flag": 2, "change_message": "[{\"added\": {\"name\": \"choice\", \"object\": \"1\"}}, {\"added\": {\"name\": \"choice\", \"object\": \"2\"}}, {\"added\": {\"name\": \"choice\", \"object\": \"3\"}}, {\"added\": {\"name\": \"choice\", \"object\": \"4\"}}]"}}, {"model": "admin.logentry", "pk": 11, "fields": {"action_time": "2021-02-15T08:42:04.286Z", "user": ["admin"], "content_type": ["quiz", "question"], "object_id": "4", "object_repr": "10*10", "action_flag": 2, "change_message": "[{\"added\": {\"name\": \"choice\", \"object\": \"100\"}}, {\"added\": {\"name\": \"choice\", \"object\": \"1212212\"}}, {\"added\": {\"name\": \"choice\", \"object\": \"323223\"}}, {\"added\": {\"name\": \"choice\", \"object\": \"4444\"}}, {\"added\": {\"name\": \"choice\", \"object\": \"5454\"}}]"}}, {"model": "admin.logentry", "pk": 12, "fields": {"action_time": "2021-02-15T08:42:25.685Z", "user": ["admin"], "content_type": ["quiz", "test"], "object_id": "2", "object_repr": "test", "action_flag": 2, "change_message": "[{\"changed\": {\"name\": \"question\", \"object\": \"323\", \"fields\": [\"Order number\"]}}]"}}, {"model": "admin.logentry", "pk": 13, "fields": {"action_time": "2021-02-15T08:43:24.504Z", "user": ["admin"], "content_type": ["quiz", "question"], "object_id": "5", "object_repr": "12*5", "action_flag": 2, "change_message": "[{\"changed\": {\"fields\": [\"Text\"]}}, {\"added\": {\"name\": \"choice\", \"object\": \"60\"}}, {\"added\": {\"name\": \"choice\", \"object\": \"12\"}}, {\"added\": {\"name\": \"choice\", \"object\": \"43\"}}]"}}, {"model": "admin.logentry", "pk": 14, "fields": {"action_time": "2021-02-15T08:48:06.503Z", "user": ["admin"], "content_type": ["quiz", "test"], "object_id": "2", "object_repr": "test", "action_flag": 2, "change_message": "[{\"added\": {\"name\": \"question\", \"object\": \"567\"}}]"}}, {"model": "admin.logentry", "pk": 15, "fields": {"action_time": "2021-02-15T08:49:10.434Z", "user": ["admin"], "content_type": ["quiz", "test"], "object_id": "2", "object_repr": "Math Test 2", "action_flag": 2, "change_message": "[{\"changed\": {\"fields\": [\"Title\", \"Image\"]}}]"}}, {"model": "admin.logentry", "pk": 16, "fields": {"action_time": "2021-02-15T08:52:25.500Z", "user": ["admin"], "content_type": ["quiz", "test"], "object_id": "2", "object_repr": "Math Test 2", "action_flag": 3, "change_message": ""}}, {"model": "admin.logentry", "pk": 17, "fields": {"action_time": "2021-02-15T09:25:40.145Z", "user": ["admin"], "content_type": ["quiz", "test"], "object_id": "3", "object_repr": "Just Test 2", "action_flag": 1, "change_message": "[{\"added\": {}}, {\"added\": {\"name\": \"question\", \"object\": \"wq\"}}, {\"added\": {\"name\": \"question\", \"object\": \"233223\"}}, {\"added\": {\"name\": \"question\", \"object\": \"232332\"}}]"}}, {"model": "admin.logentry", "pk": 18, "fields": {"action_time": "2021-02-15T09:35:09.038Z", "user": ["admin"], "content_type": ["quiz", "test"], "object_id": "3", "object_repr": "Just Test 2", "action_flag": 2, "change_message": "[{\"added\": {\"name\": \"question\", \"object\": \"12112\"}}, {\"changed\": {\"name\": \"question\", \"object\": \"232332\", \"fields\": [\"Order number\"]}}]"}}, {"model": "admin.logentry", "pk": 19, "fields": {"action_time": "2021-02-15T09:35:55.594Z", "user": ["admin"], "content_type": ["quiz", "test"], "object_id": "3", "object_repr": "Just Test 2", "action_flag": 2, "change_message": "[{\"added\": {\"name\": \"question\", \"object\": \"12121\"}}, {\"changed\": {\"name\": \"question\", \"object\": \"232332\", \"fields\": [\"Order number\"]}}]"}}, {"model": "admin.logentry", "pk": 20, "fields": {"action_time": "2021-02-15T09:38:00.219Z", "user": ["admin"], "content_type": ["quiz", "test"], "object_id": "3", "object_repr": "Just Test 2", "action_flag": 2, "change_message": "[]"}}, {"model": "admin.logentry", "pk": 21, "fields": {"action_time": "2021-02-15T09:38:16.564Z", "user": ["admin"], "content_type": ["quiz", "test"], "object_id": "3", "object_repr": "Just Test 2", "action_flag": 2, "change_message": "[{\"changed\": {\"name\": \"question\", \"object\": \"wq\", \"fields\": [\"Order number\"]}}, {\"changed\": {\"name\": \"question\", \"object\": \"12112\", \"fields\": [\"Order number\"]}}, {\"changed\": {\"name\": \"question\", \"object\": \"233223\", \"fields\": [\"Order number\"]}}, {\"changed\": {\"name\": \"question\", \"object\": \"232332\", \"fields\": [\"Order number\"]}}]"}}, {"model": "admin.logentry", "pk": 22, "fields": {"action_time": "2021-02-15T09:41:43.086Z", "user": ["admin"], "content_type": ["quiz", "test"], "object_id": "3", "object_repr": "Just Test 2", "action_flag": 2, "change_message": "[]"}}, {"model": "admin.logentry", "pk": 23, "fields": {"action_time": "2021-02-15T09:43:39.298Z", "user": ["admin"], "content_type": ["quiz", "question"], "object_id": "11", "object_repr": "232332", "action_flag": 2, "change_message": "[{\"added\": {\"name\": \"choice\", \"object\": \"\\u0414\\u0435\\u043d\\u044c/\\u041d\\u043e\\u0447\\u044c\"}}, {\"added\": {\"name\": \"choice\", \"object\": \"\\u0420\\u0443\\u043a\\u0430/\\u041d\\u043e\\u0433\\u0430\"}}, {\"added\": {\"name\": \"choice\", \"object\": \"\\u0411\\u0435\\u043b\\u043a\\u0430/\\u0417\\u0430\\u044f\\u0446\"}}]"}}, {"model": "admin.logentry", "pk": 24, "fields": {"action_time": "2021-02-15T09:44:07.205Z", "user": ["admin"], "content_type": ["quiz", "question"], "object_id": "10", "object_repr": "233223", "action_flag": 2, "change_message": "[{\"added\": {\"name\": \"choice\", \"object\": \"3.14\"}}, {\"added\": {\"name\": \"choice\", \"object\": \"233.55\"}}, {\"added\": {\"name\": \"choice\", \"object\": \"999\"}}]"}}, {"model": "admin.logentry", "pk": 25, "fields": {"action_time": "2021-02-15T09:46:16.222Z", "user": ["admin"], "content_type": ["quiz", "test"], "object_id": "3", "object_repr": "Just Test 2", "action_flag": 2, "change_message": "[{\"changed\": {\"name\": \"question\", \"object\": \"\\u0412\\u0440\\u0435\\u043c\\u044f \\u0441\\u0443\\u0442\\u043e\\u043a?\", \"fields\": [\"Text\"]}}, {\"changed\": {\"name\": \"question\", \"object\": \"\\u0427\\u0438\\u0441\\u043b\\u043e \\u043f\\u0438?\", \"fields\": [\"Text\"]}}, {\"changed\": {\"name\": \"question\", \"object\": \"\\u041a\\u043e\\u043b\\u0438\\u0447\\u0435\\u0441\\u0442\\u0432\\u043e \\u043f\\u0430\\u043b\\u044c\\u0446\\u0435\\u0432 \\u043d\\u0430 \\u0440\\u0443\\u043a\\u0430\\u0445?\", \"fields\": [\"Text\"]}}, {\"changed\": {\"name\": \"question\", \"object\": \"\\u0411\\u0435\\u043b\\u043a\\u0430 \\u0438\\u043b\\u0438 \\u0437\\u0430\\u044f\\u0446?\", \"fields\": [\"Text\"]}}, {\"changed\": {\"name\": \"question\", \"object\": \"\\u0420\\u0443\\u043a\\u0430 \\u0438\\u043b\\u0438 \\u043d\\u043e\\u0433\\u0430?\", \"fields\": [\"Text\"]}}]"}}, {"model": "admin.logentry", "pk": 26, "fields": {"action_time": "2021-02-15T09:46:45.406Z", "user": ["admin"], "content_type": ["quiz", "question"], "object_id": "10", "object_repr": "Число пи?", "action_flag": 2, "change_message": "[]"}}, {"model": "admin.logentry", "pk": 27, "fields": {"action_time": "2021-02-15T09:47:07.719Z", "user": ["admin"], "content_type": ["quiz", "question"], "object_id": "12", "object_repr": "Количество пальцев на руках?", "action_flag": 2, "change_message": "[{\"added\": {\"name\": \"choice\", \"object\": \"10\"}}, {\"added\": {\"name\": \"choice\", \"object\": \"7\"}}, {\"added\": {\"name\": \"choice\", \"object\": \"3\"}}]"}}, {"model": "admin.logentry", "pk": 28, "fields": {"action_time": "2021-02-15T09:47:54.235Z", "user": ["admin"], "content_type": ["quiz", "question"], "object_id": "13", "object_repr": "Белка или заяц?", "action_flag": 2, "change_message": "[{\"added\": {\"name\": \"choice\", \"object\": \"\\u0411\\u0435\\u043b\\u043a\\u0430 \\u043f\\u043e\\u043b\\u044e\\u0431\\u043e\\u043c\\u0443\"}}, {\"added\": {\"name\": \"choice\", \"object\": \"\\u0417\\u0430\\u044f\\u0446 100%\"}}, {\"added\": {\"name\": \"choice\", \"object\": \"\\u042f \\u043b\\u044e\\u0431\\u043b\\u044e \\u043a\\u0443\\u0440\\u043e\\u0447\\u0435\\u043a\"}}]"}}, {"model": "admin.logentry", "pk": 29, "fields": {"action_time": "2021-02-15T09:48:24.480Z", "user": ["admin"], "content_type": ["quiz", "question"], "object_id": "9", "object_repr": "Рука или нога?", "action_flag": 2, "change_message": "[{\"added\": {\"name\": \"choice\", \"object\": \"\\u041d\\u043e\\u0433\\u0430\"}}, {\"added\": {\"name\": \"choice\", \"object\": \"\\u0420\\u0443\\u043a\\u0430\"}}, {\"added\": {\"name\": \"choice\", \"object\": \"\\u0425\\u043e\\u0442\\u0435\\u043b\\u043e\\u0441\\u044c \\u0431\\u044b \\u0438 \\u0442\\u043e \\u0438 \\u0442\\u043e\"}}]"}}, {"model": "admin.logentry", "pk": 30, "fields": {"action_time": "2021-02-15T10:47:46.065Z", "user": ["admin"], "content_type": ["quiz", "question"], "object_id": "3", "object_repr": "sqrt(-1)", "action_flag": 2, "change_message": "[]"}}, {"model": "admin.logentry", "pk": 31, "fields": {"action_time": "2021-02-15T10:47:47.770Z", "user": ["admin"], "content_type": ["quiz", "question"], "object_id": "3", "object_repr": "sqrt(-1)", "action_flag": 2, "change_message": "[]"}}, {"model": "admin.logentry", "pk": 32, "fields": {"action_time": "2021-02-15T10:48:10.888Z", "user": ["admin"], "content_type": ["quiz", "question"], "object_id": "2", "object_repr": "42*0", "action_flag": 2, "change_message": "[{\"added\": {\"name\": \"choice\", \"object\": \"1212\"}}, {\"added\": {\"name\": \"choice\", \"object\": \"2112\"}}, {\"added\": {\"name\": \"choice\", \"object\": \"32323\"}}]"}}, {"model": "admin.logentry", "pk": 33, "fields": {"action_time": "2021-02-18T12:23:44.235Z", "user": ["admin"], "content_type": ["quiz", "test"], "object_id": "1", "object_repr": "Math Test", "action_flag": 3, "change_message": ""}}, {"model": "admin.logentry", "pk": 34, "fields": {"action_time": "2021-02-18T12:24:55.108Z", "user": ["admin"], "content_type": ["quiz", "test"], "object_id": "4", "object_repr": "Math Test", "action_flag": 1, "change_message": "[{\"added\": {}}, {\"added\": {\"name\": \"question\", \"object\": \"1+1\"}}, {\"added\": {\"name\": \"question\", \"object\": \"2+2\"}}, {\"added\": {\"name\": \"question\", \"object\": \"1+3\"}}]"}}, {"model": "admin.logentry", "pk": 35, "fields": {"action_time": "2021-02-18T12:29:51.293Z", "user": ["admin"], "content_type": ["quiz", "question"], "object_id": "15", "object_repr": "2+2", "action_flag": 2, "change_message": "[{\"added\": {\"name\": \"choice\", \"object\": \"4\"}}, {\"added\": {\"name\": \"choice\", \"object\": \"3\"}}, {\"added\": {\"name\": \"choice\", \"object\": \"2\"}}]"}}, {"model": "admin.logentry", "pk": 36, "fields": {"action_time": "2021-02-18T12:30:10.062Z", "user": ["admin"], "content_type": ["quiz", "question"], "object_id": "16", "object_repr": "1+3", "action_flag": 2, "change_message": "[{\"added\": {\"name\": \"choice\", \"object\": \"4\"}}, {\"added\": {\"name\": \"choice\", \"object\": \"2\"}}, {\"added\": {\"name\": \"choice\", \"object\": \"1\"}}]"}}, {"model": "admin.logentry", "pk": 37, "fields": {"action_time": "2021-02-18T12:30:26.224Z", "user": ["admin"], "content_type": ["quiz", "question"], "object_id": "14", "object_repr": "1+1", "action_flag": 2, "change_message": "[{\"added\": {\"name\": \"choice\", \"object\": \"1\"}}, {\"added\": {\"name\": \"choice\", \"object\": \"2\"}}, {\"added\": {\"name\": \"choice\", \"object\": \"3\"}}]"}}]